ID,Implied Gender,Home/Apt/PO Box,Pregnancy Test,Birth Control,Feminine Hygiene,Folic Acid,Prenatal Vitamins,Prenatal Yoga,Body Pillow,Ginger Ale,Sea Bands,Stopped buying ciggies,Cigarettes,Smoking Cessation,Stopped buying wine,Wine,Maternity Clothes,PREGNANT
1,M,A,1,0,0,0,1,0,0,0,0,0,0,0,0,0,0,1
2,M,H,1,0,0,0,1,0,0,0,0,0,0,0,0,0,0,1
3,M,H,1,0,0,0,0,0,0,0,1,0,0,0,0,0,0,1
4,U,H,0,0,0,0,0,0,0,1,0,0,0,0,0,0,0,1
5,F,A,0,0,0,0,0,1,0,0,0,0,0,0,1,0,0,1
6,F,H,0,0,0,0,1,0,0,0,0,1,0,0,0,0,0,1
7,M,H,0,1,0,1,1,0,0,0,0,0,0,0,0,0,0,1
8,F,H,0,0,0,0,0,0,0,0,0,0,0,0,0,0,1,1
9,F,H,0,0,0,0,0,0,0,1,0,0,0,0,0,0,0,1
10,F,H,0,0,0,0,1,0,0,0,0,0,0,0,0,0,1,1
11,F,H,0,0,0,0,0,0,0,0,0,0,0,0,1,0,0,1
12,F,A,0,0,0,0,0,0,0,0,0,0,1,0,1,0,0,1
13,F,H,0,0,0,0,0,0,0,0,0,1,0,1,1,0,0,1
14,U,A,0,0,0,1,0,0,0,0,0,0,0,1,0,0,0,1
15,M,A,0,0,0,0,1,0,0,0,1,1,0,0,1,0,1,1
16,M,H,0,0,0,1,0,0,0,0,0,0,0,0,1,0,0,1
17,M,P,0,0,0,0,0,0,0,0,0,1,0,0,0,0,0,1
18,F,H,0,0,0,0,0,0,0,1,0,1,0,0,0,0,0,1
19,M,A,0,0,0,0,0,0,0,0,0,1,0,0,0,0,0,1
20,F,H,1,1,0,0,1,0,0,0,0,0,0,1,0,0,1,1
21,M,A,0,0,1,0,0,0,0,0,0,0,0,0,0,0,0,1
22,F,H,0,0,1,0,1,0,0,0,0,0,0,0,1,0,0,1
23,F,P,0,1,0,0,0,0,0,0,0,0,1,0,0,0,0,1
24,F,H,0,0,0,0,0,0,0,0,0,0,0,0,0,0,0,1
25,M,A,0,0,0,1,1,0,0,1,0,0,0,0,0,0,1,1
26,F,A,0,0,0,1,0,1,0,0,0,0,0,0,0,0,1,1
27,F,H,0,1,0,0,0,0,0,0,0,0,0,0,1,0,0,1
28,M,H,0,0,1,1,0,0,1,0,0,0,0,0,0,0,1,1
29,M,A,0,0,0,1,0,0,0,0,0,0,0,0,1,0,0,1
30,F,A,0,0,0,0,0,0,0,0,0,0,0,0,0,0,0,1
31,F,A,1,0,0,0,0,0,0,0,0,0,0,1,0,0,0,1
32,F,A,0,0,0,1,0,0,0,0,1,0,0,0,0,0,0,1
33,M,H,0,0,0,0,0,0,0,0,0,0,0,1,0,0,0,1
34,U,A,0,0,0,0,0,0,0,0,0,0,0,0,0,1,1,1
35,F,A,0,0,0,0,0,0,0,0,0,1,0,0,1,0,0,1
36,M,H,0,0,0,0,0,0,0,0,0,0,0,0,0,0,0,1
37,M,H,1,0,0,1,0,0,0,0,0,0,0,0,0,0,1,1
38,M,A,0,0,0,0,0,0,0,0,0,0,0,0,0,0,0,1
39,M,H,0,0,0,0,0,0,0,0,0,0,0,0,1,0,0,1
40,F,P,1,1,0,0,0,0,0,1,0,0,0,1,0,0,0,1
41,M,A,0,0,0,0,0,0,0,0,0,0,0,0,1,0,0,1
42,M,A,0,0,0,0,0,0,0,0,1,0,0,0,0,0,0,1
43,F,A,0,0,0,0,0,0,0,0,0,0,0,0,0,1,0,1
44,F,A,0,0,0,1,0,0,0,0,0,0,0,0,0,0,0,1
45,M,A,0,0,1,0,0,1,0,0,0,0,0,0,0,0,1,1
46,F,H,0,0,0,0,0,0,0,0,0,0,0,0,0,0,0,1
47,F,H,0,0,0,1,0,0,0,1,0,0,0,0,0,1,1,1
48,F,P,0,0,0,1,0,0,0,0,0,0,0,0,0,0,0,1
49,M,H,0,0,0,0,0,0,0,1,0,1,0,0,0,0,0,1
50,F,H,1,0,0,0,1,0,0,0,0,1,0,1,1,0,0,1
51,M,A,0,0,0,1,0,0,0,0,0,0,0,0,1,0,0,1
52,M,H,0,0,0,0,0,0,0,0,0,0,0,0,0,0,0,1
53,U,H,0,0,0,1,0,0,0,0,0,0,0,0,0,0,0,1
54,F,H,0,0,0,0,0,0,0,0,0,0,0,0,0,0,1,1
55,F,H,1,0,1,0,1,0,0,0,0,0,0,0,1,0,0,1
56,U,H,1,0,0,1,1,0,0,0,0,0,0,0,0,0,0,1
57,M,P,0,0,0,0,0,0,0,0,0,1,0,0,0,0,0,1
58,F,H,0,0,0,1,0,0,0,1,0,0,0,0,0,0,0,1
59,U,A,0,0,0,0,0,0,0,0,0,0,0,0,0,0,0,1
60,M,P,0,1,0,1,1,0,0,0,0,0,0,0,0,0,0,1
61,F,H,0,0,0,0,0,0,0,0,0,0,0,0,1,0,1,1
62,F,A,0,0,0,0,0,0,0,0,0,1,0,0,1,0,1,1
63,M,A,0,0,0,1,0,0,0,0,0,0,0,0,0,0,0,1
64,F,A,0,0,0,0,0,0,0,0,0,1,0,0,1,0,1,1
65,M,A,0,0,0,0,0,0,0,0,0,0,0,0,0,0,0,1
66,M,A,0,0,0,0,0,0,1,0,0,0,0,1,0,0,0,1
67,M,A,0,0,0,0,0,0,0,0,0,0,0,0,1,0,1,1
68,U,A,0,0,0,0,0,0,0,1,0,0,0,0,0,1,0,1
69,M,A,0,0,0,1,0,0,0,0,0,1,0,0,0,0,0,1
70,F,H,0,0,0,0,1,0,0,0,0,0,0,0,0,0,0,1
71,F,H,0,0,0,0,0,0,0,0,0,1,0,1,0,0,1,1
72,U,A,0,0,0,0,0,0,0,0,1,0,0,0,0,0,0,1
73,M,P,0,0,0,1,0,0,0,0,0,0,1,0,0,0,0,1
74,M,H,0,0,0,0,0,0,0,1,0,0,0,0,0,0,0,1
75,F,A,0,0,0,0,1,0,0,0,0,0,1,0,0,0,1,1
76,M,A,0,0,0,1,1,0,0,0,0,1,0,0,0,0,0,1
77,F,A,0,0,0,0,0,0,0,0,0,1,0,0,0,0,0,1
78,F,A,1,0,0,0,0,0,0,0,0,0,0,0,0,0,1,1
79,F,P,0,0,0,1,0,0,0,0,0,0,0,0,0,0,0,1
80,F,A,0,0,0,0,1,0,0,0,0,0,0,0,0,0,0,1
81,F,H,0,0,0,0,0,0,0,0,0,0,0,0,1,0,0,1
82,M,H,0,0,0,0,0,1,0,0,0,0,0,0,0,0,0,1
83,U,P,1,0,0,0,0,0,0,1,0,0,0,0,0,0,0,1
84,F,A,0,0,1,0,0,0,0,0,0,0,0,0,0,0,0,1
85,F,H,0,0,0,0,0,0,0,1,0,0,0,0,1,0,0,1
86,F,A,1,0,0,1,1,0,0,1,0,1,0,0,0,0,0,1
87,U,A,0,0,0,0,0,0,0,0,0,0,0,0,0,0,0,1
88,F,H,1,0,0,0,1,0,0,0,0,1,0,0,1,0,0,1
89,U,A,0,0,0,0,0,0,0,0,1,0,0,0,0,0,0,1
90,M,H,1,0,1,0,0,1,0,0,0,0,0,0,0,0,0,1
91,F,A,0,0,0,0,1,0,0,0,0,0,0,0,0,0,0,1
92,F,H,0,0,0,1,0,0,0,1,0,0,0,0,0,1,1,1
93,F,A,0,0,0,0,0,0,0,0,0,1,0,0,1,0,0,1
94,M,H,0,0,1,0,0,0,0,0,0,0,0,0,1,0,1,1
95,M,A,0,0,0,0,0,0,0,0,0,0,0,0,0,0,0,1
96,F,A,0,0,0,0,1,0,0,0,0,0,0,0,0,0,0,1
97,F,P,0,0,0,0,0,0,0,0,0,0,0,0,0,0,0,1
98,M,H,0,0,0,1,0,0,0,0,0,0,0,0,1,0,0,1
99,U,A,0,0,1,0,0,0,0,0,0,0,0,0,0,0,0,1
100,M,H,0,0,0,0,0,1,0,0,0,0,0,0,0,0,0,1
101,M,H,0,0,0,1,0,0,0,0,0,0,0,0,0,0,0,1
102,F,A,0,0,0,0,0,0,0,1,0,0,1,1,0,0,0,1
103,F,H,0,0,1,0,0,0,0,0,0,0,0,0,0,0,0,1
104,M,A,0,0,0,0,1,1,0,0,0,0,0,0,0,0,0,1
105,U,H,0,0,0,0,0,0,1,0,0,0,0,0,0,0,1,1
106,M,A,0,0,0,0,1,0,0,0,0,0,0,0,1,0,0,1
107,M,A,0,0,0,0,0,0,0,0,0,0,0,0,0,0,1,1
108,F,H,1,0,0,0,0,0,0,0,0,0,0,0,0,0,1,1
109,F,A,0,0,0,0,1,0,0,1,0,0,0,0,0,0,0,1
110,M,H,1,0,0,0,0,0,0,1,0,0,0,0,0,0,0,1
111,M,H,0,0,0,0,0,0,0,0,0,0,0,0,0,0,0,1
112,M,H,0,0,0,0,0,0,0,1,0,0,0,1,0,0,0,1
113,F,A,0,0,0,0,0,0,0,0,0,0,0,0,0,0,0,1
114,M,A,0,0,0,1,0,0,0,0,0,0,0,0,0,0,0,1
115,M,A,0,0,0,0,0,0,0,0,0,0,0,0,0,0,0,1
116,M,H,0,0,0,0,0,0,0,0,0,1,0,0,0,0,0,1
117,M,A,0,0,0,0,0,0,0,1,0,0,0,0,0,0,0,1
118,F,H,0,0,0,0,0,1,0,1,0,0,0,0,0,0,1,1
119,U,H,0,0,0,0,0,0,0,0,0,0,0,0,0,0,1,1
120,M,H,0,0,1,0,0,0,1,0,0,0,0,0,0,0,1,1
121,F,A,0,1,0,0,0,0,0,1,0,0,0,0,0,0,0,1
122,M,A,0,0,0,0,0,0,0,0,0,0,0,0,0,0,1,1
123,M,H,0,0,0,1,1,0,0,0,0,0,0,0,0,0,0,1
124,F,A,0,0,0,0,0,0,0,0,0,0,0,0,0,0,0,1
125,F,H,1,0,0,1,0,0,0,0,1,0,0,0,0,0,1,1
126,U,A,0,0,0,0,0,0,0,0,0,0,0,0,0,0,0,1
127,F,P,0,0,0,0,0,0,0,0,0,0,0,0,0,0,0,1
128,F,H,0,0,0,0,1,0,1,0,0,1,0,0,0,0,1,1
129,M,H,0,0,0,1,0,0,0,0,0,0,1,0,1,0,0,1
130,F,A,1,0,1,1,0,1,0,0,0,0,0,0,0,0,0,1
131,M,H,0,0,0,0,1,0,1,0,0,1,0,0,1,0,0,1
132,F,H,0,0,0,1,0,0,0,1,0,0,0,0,1,0,0,1
133,U,H,0,0,0,0,0,0,0,0,0,0,0,0,0,0,1,1
134,M,H,0,0,0,0,0,0,0,0,0,0,0,0,0,0,0,1
135,F,H,0,0,0,0,1,0,0,0,0,0,0,0,0,0,0,1
136,M,H,0,0,0,0,0,0,0,0,0,0,0,0,0,0,0,1
137,F,P,0,0,0,0,0,0,0,0,0,0,0,0,0,0,0,1
138,M,H,0,0,0,0,1,0,0,0,0,0,0,0,0,0,0,1
139,M,H,0,0,0,1,0,0,0,0,0,0,0,0,1,0,0,1
140,U,H,0,0,0,1,0,0,0,0,0,0,0,0,0,0,0,1
141,F,A,1,0,0,0,1,0,0,0,0,0,0,0,1,0,0,1
142,U,A,1,0,0,0,0,0,0,0,0,0,0,0,0,0,0,1
143,F,H,0,0,0,0,0,0,0,0,0,0,0,0,0,0,0,1
144,M,H,0,0,1,1,0,0,0,0,0,0,0,0,0,0,0,1
145,F,A,0,0,0,0,0,0,0,0,0,1,0,0,1,0,0,1
146,F,A,1,0,0,0,0,0,0,0,0,0,0,0,0,0,0,1
147,F,H,0,0,0,0,0,0,0,0,0,0,0,0,0,0,0,1
148,F,H,1,1,0,0,1,0,0,0,0,0,0,0,1,0,0,1
149,M,H,0,0,0,0,0,0,0,0,0,0,0,0,1,0,1,1
150,F,H,0,0,0,0,0,0,0,1,0,0,0,0,1,0,0,1
151,F,A,0,0,0,0,0,0,0,0,0,0,0,0,0,1,0,1
152,M,P,0,0,0,0,0,0,0,1,0,0,0,0,1,0,0,1
153,F,A,0,0,0,0,0,0,0,0,0,0,0,0,1,0,0,1
154,F,H,0,0,0,0,0,0,0,0,0,0,1,0,0,0,1,1
155,F,H,0,0,0,0,0,0,0,0,0,0,0,0,1,0,0,1
156,F,H,0,0,0,1,0,0,0,0,0,1,0,0,0,0,0,1
157,U,P,0,0,0,0,0,0,0,1,0,0,0,0,0,0,1,1
158,U,A,0,0,0,0,1,0,0,0,0,0,0,0,0,0,0,1
159,M,H,0,0,0,0,1,0,0,1,0,0,1,0,0,0,1,1
160,F,H,0,0,0,0,1,0,0,1,0,0,0,1,0,0,1,1
161,M,A,0,0,1,0,0,0,0,0,0,0,0,0,0,0,0,1
162,M,A,0,0,0,0,0,0,0,0,0,0,0,0,0,1,0,1
163,F,H,0,0,1,0,0,0,0,0,0,0,0,0,0,0,1,1
164,M,A,0,0,0,0,0,0,0,0,0,0,0,0,1,0,0,1
165,F,H,0,0,0,0,1,0,0,0,0,1,0,0,1,0,0,1
166,M,H,1,0,0,1,0,0,0,0,0,0,0,1,0,0,1,1
167,U,H,0,0,0,0,1,0,0,0,0,0,0,0,0,0,0,1
168,M,A,0,0,0,0,0,0,0,0,0,0,0,0,0,0,0,1
169,U,P,0,0,0,0,0,0,0,0,0,0,0,0,0,0,0,1
170,F,A,0,0,0,0,0,0,0,0,0,0,0,0,0,0,0,1
171,M,H,0,0,0,0,0,0,0,0,0,0,0,1,1,0,0,1
172,M,A,0,0,0,0,0,0,0,0,0,0,0,0,0,0,0,1
173,M,A,0,0,0,0,0,0,0,0,0,0,0,0,0,0,0,1
174,F,H,1,0,0,0,0,0,0,0,0,0,0,0,0,0,1,1
175,F,A,0,0,0,0,0,0,0,0,0,0,0,0,0,0,0,1
176,U,A,0,0,0,0,0,0,0,0,0,1,0,0,0,0,0,1
177,U,A,0,0,0,0,0,0,0,0,0,0,0,1,1,0,1,1
178,F,H,0,0,0,0,1,0,0,0,0,0,0,0,0,0,0,1
179,F,H,0,0,0,0,0,0,0,0,0,0,1,0,0,0,0,1
180,F,H,1,0,0,0,1,0,0,0,0,0,0,0,0,0,1,1
181,F,H,0,0,0,0,1,0,0,0,1,0,0,0,1,0,0,1
182,F,P,0,0,0,1,1,0,0,0,0,0,0,0,0,0,0,1
183,F,A,0,0,0,1,0,0,0,0,0,0,0,0,1,0,1,1
184,M,A,0,0,0,0,0,0,0,1,0,0,0,1,0,0,1,1
185,F,H,0,0,1,0,0,0,0,0,0,0,1,1,1,0,0,1
186,U,H,1,0,0,0,0,0,0,0,0,0,0,0,1,0,0,1
187,F,A,0,0,0,0,0,0,0,0,0,0,0,0,0,0,0,1
188,M,P,1,0,0,0,0,0,0,1,0,0,0,1,0,0,1,1
189,M,A,0,0,0,1,0,0,0,0,0,1,0,0,0,0,1,1
190,M,H,0,0,0,0,0,0,0,1,0,0,0,0,0,0,1,1
191,M,A,1,0,0,0,0,0,0,0,0,0,0,0,0,0,0,1
192,F,P,0,0,0,1,0,0,0,0,0,0,0,0,0,0,0,1
193,F,H,0,0,0,1,1,0,0,0,0,0,1,0,0,0,0,1
194,F,A,0,0,0,0,1,0,0,0,0,0,0,0,0,0,0,1
195,F,A,0,0,0,0,0,0,0,0,0,0,0,1,0,0,0,1
196,M,A,0,0,1,1,0,0,0,0,0,0,0,0,0,0,0,1
197,M,H,1,0,0,0,0,0,0,0,0,1,0,0,1,0,0,1
198,F,P,0,0,0,0,0,0,0,0,0,1,0,0,0,0,0,1
199,F,P,0,1,0,0,0,0,0,0,0,0,0,0,0,0,0,1
200,M,H,0,0,0,0,0,0,0,0,0,0,0,0,0,0,1,1
201,F,H,0,0,0,1,0,0,0,0,0,0,0,0,0,0,0,1
202,F,H,0,0,0,0,1,0,0,0,0,0,0,0,0,0,0,1
203,M,H,0,0,0,1,0,0,0,0,0,0,1,0,0,0,0,1
204,M,H,0,0,0,1,0,0,0,0,0,0,0,0,0,0,0,1
205,F,A,0,0,0,0,0,0,0,1,0,0,0,0,0,0,0,1
206,F,H,0,0,0,0,0,0,0,0,0,0,0,0,0,0,0,1
207,F,A,0,0,0,0,0,0,0,0,0,0,0,0,0,0,1,1
208,U,A,0,0,0,0,0,0,0,0,0,0,0,0,0,0,0,1
209,U,H,0,0,0,0,0,0,0,0,0,0,0,0,0,1,0,1
210,M,H,1,0,0,0,0,0,0,0,0,0,0,0,0,0,0,1
211,F,H,0,0,0,1,0,0,0,0,0,1,0,0,0,0,0,1
212,M,A,0,0,0,0,0,0,0,0,0,0,0,0,1,0,0,1
213,F,H,0,0,0,0,0,0,0,0,0,1,0,0,0,0,1,1
214,F,A,0,0,1,0,0,0,0,0,0,1,0,0,0,0,0,1
215,F,A,0,0,0,0,0,0,0,0,0,0,0,1,0,0,0,1
216,U,A,1,0,0,0,0,0,0,0,0,0,0,1,1,0,0,1
217,F,H,0,0,0,0,0,0,0,0,0,0,0,0,0,0,1,1
218,M,H,0,0,0,1,0,0,0,1,0,0,0,0,0,0,1,1
219,F,P,0,0,0,0,0,0,0,0,0,0,0,0,0,0,1,1
220,F,A,0,0,0,0,0,0,0,0,0,0,0,0,0,0,0,1
221,F,P,0,0,0,0,0,0,0,0,0,0,0,1,0,0,0,1
222,M,H,0,0,0,1,0,0,0,0,0,0,0,0,0,0,1,1
223,F,H,0,0,0,0,1,0,0,1,0,0,0,0,0,0,0,1
224,M,P,0,0,0,0,0,0,0,0,0,0,0,0,1,0,0,1
225,M,A,0,0,0,0,0,0,0,0,0,0,0,0,0,0,0,1
226,M,A,0,0,0,1,1,0,0,0,0,0,0,0,0,0,0,1
227,F,H,0,0,0,0,0,0,0,0,0,0,0,0,1,0,0,1
228,F,P,0,0,0,0,0,0,0,0,0,1,0,0,0,0,0,1
229,M,P,0,0,0,0,0,0,0,0,0,0,0,0,0,0,1,1
230,U,P,0,0,0,0,0,0,1,0,0,0,0,0,1,0,0,1
231,M,A,0,0,1,0,1,0,0,0,0,0,0,0,0,0,0,1
232,M,A,1,0,0,0,0,0,0,0,0,0,1,0,0,0,0,1
233,M,H,1,0,0,0,1,0,0,0,0,0,0,1,0,0,1,1
234,F,H,0,0,0,0,0,0,0,0,0,0,0,0,0,0,0,1
235,U,A,1,0,0,0,0,0,0,0,0,1,0,1,1,0,1,1
236,M,H,0,0,0,0,0,1,0,0,1,0,0,0,0,0,0,1
237,F,A,0,0,1,0,0,0,0,0,0,1,0,0,0,0,1,1
238,F,A,0,0,0,0,0,0,0,0,0,0,0,0,0,0,0,1
239,F,A,0,0,0,0,0,0,0,0,0,0,0,0,0,0,0,1
240,U,H,0,0,0,1,0,0,0,0,0,0,0,0,0,0,0,1
241,F,A,0,0,0,0,1,0,0,0,0,0,0,0,0,1,0,1
242,F,H,0,0,0,0,0,0,0,1,0,0,0,0,0,0,0,1
243,F,A,0,0,0,0,0,0,0,0,0,0,0,0,0,0,0,1
244,M,A,0,0,0,0,0,0,0,0,0,0,0,0,0,0,0,1
245,F,A,0,0,0,0,1,0,0,0,0,0,0,0,0,0,1,1
246,F,H,0,0,1,0,1,0,0,0,0,0,0,0,1,0,0,1
247,M,A,0,0,0,0,0,0,0,0,0,0,0,0,0,0,0,1
248,M,H,0,0,0,0,0,0,0,0,0,1,0,1,0,0,0,1
249,M,H,1,0,0,0,1,0,0,0,0,0,0,1,1,0,0,1
250,M,A,0,0,0,0,0,0,0,0,0,0,0,0,0,0,0,1
251,M,H,0,0,0,0,0,0,0,0,0,0,0,1,1,0,0,1
252,M,H,0,0,0,0,0,0,0,0,0,0,0,0,0,0,0,1
253,F,A,0,0,0,0,1,0,0,0,0,1,0,0,0,0,0,1
254,F,P,0,0,0,0,1,0,0,0,1,0,0,0,1,0,0,1
255,F,H,1,0,0,0,0,0,0,0,0,0,0,1,0,0,0,1
256,F,A,0,1,0,1,0,0,0,0,0,0,0,0,0,0,0,1
257,M,A,0,0,0,0,0,0,0,0,0,0,0,0,0,0,0,1
258,F,P,0,0,0,0,0,0,0,0,0,0,0,0,0,0,0,1
259,M,P,0,0,0,1,0,0,0,0,0,1,0,1,0,0,1,1
260,M,A,0,0,0,0,0,0,0,0,0,0,0,0,1,0,0,1
261,F,A,0,0,0,0,0,0,0,0,0,0,0,0,0,0,1,1
262,U,A,0,0,0,1,0,0,0,0,0,0,0,0,0,0,0,1
263,F,A,0,0,0,0,0,0,0,0,0,0,0,0,0,0,1,1
264,U,A,0,0,1,0,1,0,0,0,0,1,0,0,0,0,0,1
265,M,H,0,0,0,0,0,0,0,0,0,1,0,0,1,0,0,1
266,U,H,0,0,0,0,0,0,0,0,0,0,0,0,0,0,0,1
267,M,A,0,0,0,0,0,0,0,0,0,0,0,0,1,0,0,1
268,F,H,0,0,0,1,0,0,0,0,1,0,0,0,0,0,0,1
269,F,A,0,0,0,0,0,0,0,0,0,0,0,0,0,0,0,1
270,F,H,1,0,0,1,0,0,0,0,0,0,0,0,0,0,0,1
271,M,H,0,0,0,0,0,0,0,0,0,0,0,0,0,0,0,1
272,F,H,0,0,0,1,1,0,0,0,0,0,0,0,0,0,0,1
273,M,H,0,0,0,0,1,0,0,0,0,0,0,0,0,0,0,1
274,F,P,0,0,0,0,1,0,0,0,1,0,0,0,0,0,0,1
275,F,A,0,0,0,0,1,0,0,0,0,0,0,0,0,0,0,1
276,F,H,0,0,0,0,0,0,0,0,0,0,0,0,0,0,1,1
277,F,H,0,0,0,0,1,0,0,0,1,1,0,0,0,0,0,1
278,F,A,0,0,0,0,0,0,0,0,1,0,0,0,0,0,0,1
279,F,A,0,0,0,0,0,0,0,0,0,0,0,0,0,0,1,1
280,F,A,0,0,0,1,0,0,0,0,0,0,0,0,0,0,0,1
281,M,A,0,0,0,0,0,0,0,0,0,1,0,0,0,0,1,1
282,M,H,0,0,0,0,0,0,0,0,0,0,0,0,0,0,0,1
283,F,A,0,0,0,0,0,0,0,0,0,0,0,0,0,0,0,1
284,F,H,0,0,0,0,0,0,0,0,0,1,0,0,0,0,1,1
285,U,H,0,0,0,0,0,0,0,0,0,1,0,0,0,0,0,1
286,U,A,0,0,0,1,1,0,0,0,0,0,0,0,0,1,0,1
287,F,H,0,0,0,0,1,0,0,0,0,0,0,0,0,0,1,1
288,M,A,1,0,0,0,1,0,0,1,1,0,1,0,0,0,0,1
289,F,A,0,0,1,1,1,0,0,0,0,0,0,0,0,0,0,1
290,U,H,1,0,0,0,0,1,0,1,0,0,0,0,0,0,0,1
291,F,H,0,0,0,0,0,0,0,0,0,0,1,1,0,0,1,1
292,F,H,0,0,0,0,0,0,0,1,0,0,1,1,0,0,0,1
293,M,H,0,0,0,0,0,0,0,0,0,0,0,0,0,0,0,1
294,M,H,1,0,0,0,0,0,0,0,0,0,0,1,0,0,0,1
295,M,A,1,0,0,0,1,0,0,0,0,1,0,0,1,0,1,1
296,F,H,0,1,0,1,0,0,0,0,0,1,0,0,1,0,0,1
297,F,P,0,0,0,1,1,0,0,0,0,0,0,0,0,0,0,1
298,F,A,0,0,0,0,0,0,0,0,0,0,0,0,0,0,0,1
299,F,P,0,0,0,0,0,0,0,0,0,0,0,1,0,0,0,1
300,F,H,0,0,0,0,0,0,0,0,0,0,0,1,0,0,0,1
301,M,H,0,0,0,0,0,0,0,0,0,0,0,1,0,1,1,1
302,F,H,0,0,0,0,0,0,0,0,0,0,0,0,1,0,0,1
303,M,H,0,0,0,0,0,0,0,0,0,0,0,0,0,0,0,1
304,F,H,1,0,0,0,0,0,0,0,0,0,0,0,0,0,0,1
305,M,A,0,0,0,0,0,0,0,0,0,1,0,0,0,0,0,1
306,M,A,0,0,0,0,1,0,0,0,0,0,0,0,1,0,1,1
307,U,A,0,0,0,0,0,0,0,0,0,0,0,0,1,0,0,1
308,F,A,0,0,0,0,0,0,0,0,0,0,0,0,0,0,1,1
309,M,H,0,1,0,1,1,0,0,0,0,0,0,0,0,0,0,1
310,F,H,0,0,0,0,0,0,0,0,0,0,0,0,1,0,0,1
311,U,A,0,0,0,1,1,0,0,0,0,0,0,0,1,0,0,1
312,U,H,1,0,1,1,0,0,0,0,0,0,0,0,1,0,0,1
313,M,A,1,0,0,1,0,0,0,0,0,0,0,1,0,0,1,1
314,F,A,1,0,0,0,1,0,0,0,0,1,0,0,0,1,0,1
315,F,H,0,0,0,0,0,0,0,0,0,0,0,0,1,0,0,1
316,M,A,1,0,0,0,0,0,0,0,0,0,0,0,0,0,0,1
317,F,H,0,0,0,0,0,0,0,0,0,0,0,1,0,0,1,1
318,M,H,0,0,0,1,0,0,0,1,0,0,0,0,0,0,1,1
319,M,H,0,0,0,1,0,0,0,0,0,1,0,0,0,0,0,1
320,F,H,0,1,0,0,0,0,0,0,0,0,0,0,0,0,0,1
321,M,A,1,0,0,0,0,0,0,0,0,0,0,0,0,0,0,1
322,U,A,0,1,0,0,0,0,0,0,0,0,0,0,1,0,0,1
323,F,A,0,0,0,0,0,0,0,0,0,0,0,0,0,0,0,1
324,F,P,0,0,0,1,0,0,0,0,0,0,0,1,1,0,0,1
325,F,H,0,0,0,0,1,0,0,1,0,1,0,0,0,0,0,1
326,M,P,0,0,0,0,0,0,0,0,0,0,0,0,0,0,1,1
327,F,H,0,0,0,0,0,1,0,0,0,0,0,0,1,0,0,1
328,F,A,0,0,0,0,1,1,0,0,0,0,0,0,1,0,0,1
329,F,H,0,0,0,0,0,0,0,0,0,1,0,0,0,0,0,1
330,U,H,0,0,0,0,0,0,0,1,0,0,0,0,1,0,0,1
331,M,H,0,0,0,1,0,0,0,0,0,0,0,1,1,0,0,1
332,F,H,0,0,0,0,0,1,1,0,0,0,0,0,0,0,0,1
333,U,H,0,0,0,0,1,0,0,0,0,0,0,0,0,0,1,1
334,M,H,0,0,0,1,1,0,0,0,0,0,0,0,0,0,0,1
335,U,A,0,0,0,0,0,0,0,0,0,0,0,0,0,0,0,1
336,U,A,0,0,0,0,0,0,0,0,0,0,0,0,0,0,1,1
337,F,A,1,0,0,0,0,0,0,0,0,0,0,0,1,0,0,1
338,F,A,0,0,0,0,1,0,0,0,0,0,0,0,0,0,0,1
339,M,A,1,0,0,0,0,0,0,0,0,1,0,1,0,0,0,1
340,F,H,0,0,0,0,1,0,0,0,0,0,0,0,1,0,0,1
341,F,H,1,0,0,0,0,0,0,0,0,0,0,1,0,0,0,1
342,F,P,0,0,0,1,0,0,0,0,0,0,0,0,0,0,1,1
343,F,P,0,0,0,0,0,0,0,0,0,0,0,0,0,0,0,1
344,M,A,0,0,0,1,0,0,0,1,0,0,0,0,1,0,0,1
345,F,A,0,1,0,0,0,0,0,0,0,0,0,0,0,0,0,1
346,F,A,0,0,0,0,0,0,0,0,0,0,0,0,0,0,1,1
347,F,H,0,0,0,0,0,0,0,0,0,0,0,0,0,0,0,1
348,M,P,0,0,0,1,0,0,0,0,0,0,0,0,1,0,0,1
349,U,H,0,0,0,0,0,0,0,0,0,1,0,0,0,0,0,1
350,F,A,0,0,0,0,1,0,0,0,0,0,0,0,0,0,0,1
351,F,H,0,0,0,1,0,0,0,0,0,0,0,0,0,0,0,1
352,F,H,0,0,0,0,0,0,0,0,0,0,0,0,0,0,1,1
353,M,A,0,0,0,0,0,1,0,0,0,0,0,0,0,0,1,1
354,M,P,1,0,0,0,0,0,0,0,1,0,0,1,0,0,0,1
355,F,H,0,0,0,0,0,0,0,0,0,0,0,0,0,1,0,1
356,F,P,0,0,0,1,0,0,0,0,0,0,0,0,0,0,1,1
357,F,A,0,0,0,1,1,0,0,0,0,0,0,0,0,0,0,1
358,M,A,0,0,0,1,0,0,0,0,0,0,0,0,1,0,1,1
359,M,A,0,0,0,0,1,0,0,0,0,0,0,0,0,0,0,1
360,F,A,0,0,0,0,0,0,0,0,0,0,0,0,1,0,1,1
361,U,H,0,1,0,0,0,0,0,1,0,0,0,0,0,0,0,1
362,F,A,0,0,0,0,0,0,0,0,0,0,0,0,0,0,0,1
363,M,H,0,0,0,0,1,0,1,0,0,0,0,0,0,0,0,1
364,F,H,0,0,0,0,0,0,0,0,0,0,0,0,1,0,0,1
365,F,H,0,0,0,1,0,0,0,0,0,0,0,0,0,0,1,1
366,F,A,0,0,0,0,1,0,0,0,0,0,0,0,0,0,0,1
367,F,H,0,0,0,1,0,0,0,0,0,1,0,0,0,0,0,1
368,M,A,0,0,0,0,1,0,0,1,0,1,0,0,0,0,1,1
369,F,A,0,0,0,0,1,0,0,0,0,0,0,0,0,0,0,1
370,U,H,0,0,0,0,0,0,0,0,0,0,0,0,1,0,0,1
371,F,A,0,0,0,0,0,1,0,0,0,0,0,1,0,0,1,1
372,M,H,0,0,0,0,0,0,0,0,0,0,0,0,0,0,0,1
373,U,H,0,0,0,1,0,0,0,0,0,0,0,0,0,0,0,1
374,F,A,0,0,0,0,0,0,0,0,0,0,0,0,0,0,0,1
375,F,A,0,0,0,1,0,0,0,0,0,0,0,0,0,0,0,1
376,F,H,0,0,0,0,0,0,0,1,0,0,0,0,0,0,0,1
377,F,H,1,0,0,1,0,0,0,0,0,0,0,0,1,0,0,1
378,M,H,0,0,0,1,1,0,0,0,0,1,0,0,0,1,1,1
379,U,H,0,0,0,0,0,0,0,0,0,0,0,0,0,0,0,1
380,F,H,0,0,0,0,1,0,0,0,1,0,1,0,0,0,1,1
381,M,P,0,0,0,0,0,0,0,0,0,1,0,0,0,0,0,1
382,F,H,0,0,1,0,1,0,0,0,0,0,0,0,0,0,1,1
383,M,H,1,0,0,0,1,0,0,0,0,0,0,0,0,0,0,1
384,M,A,0,0,0,1,0,0,0,0,0,0,0,0,0,0,0,1
385,M,H,0,0,0,0,0,0,0,0,0,0,0,0,0,0,0,1
386,F,A,0,0,0,0,0,0,0,0,0,0,0,0,0,0,1,1
387,M,P,0,0,0,0,0,0,0,0,0,0,0,0,0,0,0,1
388,F,A,0,0,0,0,1,0,0,0,0,0,0,0,0,0,0,1
389,F,A,0,0,0,0,0,0,0,0,0,0,0,0,0,0,0,1
390,F,A,0,0,0,0,0,0,0,0,0,0,0,0,0,0,0,1
391,M,A,0,0,0,1,0,0,0,0,1,0,0,1,0,0,1,1
392,U,H,0,0,0,0,0,0,0,0,0,1,0,1,1,0,0,1
393,F,H,0,0,0,0,0,0,0,1,0,1,0,0,0,0,0,1
394,F,H,0,0,0,0,0,0,0,1,0,0,0,0,0,0,0,1
395,F,A,0,0,0,1,0,0,0,0,0,0,0,1,0,0,0,1
396,F,H,0,0,1,1,0,1,0,0,0,0,0,0,0,0,0,1
397,M,H,1,0,0,0,0,0,0,0,0,0,1,0,0,0,0,1
398,F,H,0,0,0,1,0,0,0,0,0,1,0,0,0,0,0,1
399,F,A,0,0,0,0,0,0,0,0,0,0,1,0,0,0,1,1
400,M,P,0,0,0,0,0,0,0,0,0,0,0,0,0,0,0,1
401,M,H,0,0,0,0,0,0,0,0,0,0,0,0,0,0,1,1
402,U,A,0,0,0,0,0,0,0,0,0,1,0,0,0,0,0,1
403,F,H,0,0,0,0,1,0,0,0,0,0,0,0,0,0,0,1
404,F,P,1,0,0,0,0,0,0,0,0,1,0,1,0,0,1,1
405,M,A,0,0,0,0,0,0,0,0,0,0,0,0,1,0,1,1
406,M,P,1,1,1,0,0,0,0,0,0,0,0,1,0,0,1,1
407,F,H,0,0,0,1,0,0,0,0,1,0,0,0,0,0,0,1
408,F,A,0,0,0,0,1,0,0,0,0,0,0,0,1,0,0,1
409,M,A,0,0,0,1,1,0,0,0,0,0,0,0,1,0,1,1
410,F,A,1,0,0,1,0,0,0,0,0,0,0,0,0,0,0,1
411,F,A,0,0,0,0,0,0,0,0,0,0,0,0,0,0,0,1
412,F,H,0,0,0,0,0,0,0,0,0,0,0,0,0,0,0,1
413,F,A,0,0,0,1,0,0,0,0,0,0,0,0,0,0,0,1
414,M,A,0,0,0,0,0,0,0,0,0,0,0,0,0,0,0,1
415,M,A,0,0,0,0,0,0,0,0,0,0,0,0,0,0,0,1
416,M,A,0,0,0,0,0,0,0,0,1,0,1,0,0,0,0,1
417,F,A,0,0,0,0,0,0,0,0,0,0,0,0,0,0,0,1
418,M,H,0,0,0,0,0,0,0,1,0,0,0,0,0,0,1,1
419,M,A,0,0,0,1,0,0,0,0,0,1,0,0,1,0,0,1
420,F,A,0,0,0,0,0,0,0,0,0,0,0,0,0,0,0,1
421,F,A,0,1,0,0,0,0,0,1,0,0,0,0,0,0,0,1
422,F,A,0,0,0,1,1,0,0,0,0,0,0,1,1,0,0,1
423,M,H,0,0,0,0,1,0,0,0,0,0,1,0,0,1,1,1
424,U,H,1,0,0,0,0,0,0,0,0,0,0,0,0,0,0,1
425,F,A,0,0,0,0,0,0,0,0,0,0,0,0,0,0,1,1
426,M,H,1,0,0,0,0,0,1,0,0,0,0,0,1,0,0,1
427,F,H,0,0,0,0,0,0,0,0,0,0,0,0,0,0,0,1
428,F,A,0,0,0,0,0,0,0,0,1,0,0,0,0,0,0,1
429,F,A,0,0,0,0,1,0,0,0,0,0,0,0,0,0,0,1
430,F,H,1,0,0,0,0,0,0,0,0,0,1,0,0,0,0,1
431,F,A,0,0,0,0,0,0,0,1,0,0,0,0,1,0,0,1
432,F,H,0,0,0,0,0,0,0,0,0,1,0,0,1,0,0,1
433,F,A,0,0,0,1,0,0,0,0,0,0,0,1,0,0,0,1
434,F,H,1,0,0,0,0,0,0,0,0,0,0,0,0,1,0,1
435,U,A,0,0,0,0,1,0,0,0,0,1,0,0,0,0,0,1
436,F,A,0,0,0,0,0,0,0,0,0,0,0,0,1,0,0,1
437,F,A,0,0,0,0,1,0,0,0,0,0,0,0,0,0,0,1
438,F,H,0,0,0,0,0,0,0,0,0,0,0,0,0,0,0,1
439,F,H,0,0,0,0,0,0,0,0,0,0,0,0,0,1,1,1
440,M,H,0,0,0,0,0,0,0,0,0,1,0,0,0,0,0,1
441,F,H,0,0,0,0,0,0,0,0,0,1,0,0,0,0,0,1
442,F,H,0,0,0,0,1,0,0,0,0,1,0,0,0,0,0,1
443,F,H,1,0,0,0,0,0,0,0,0,0,0,0,1,0,1,1
444,F,H,0,0,0,1,0,0,0,0,0,0,0,0,0,0,1,1
445,U,H,0,0,0,0,0,0,0,1,0,0,0,0,0,0,0,1
446,M,H,0,0,0,0,0,0,0,0,0,0,0,0,1,0,0,1
447,F,H,0,0,0,0,0,0,0,0,0,0,0,0,0,0,0,1
448,F,H,1,0,0,0,0,0,0,0,1,0,0,0,0,0,1,1
449,F,A,0,0,0,0,1,0,0,0,1,0,0,0,0,0,0,1
450,F,A,0,0,0,0,0,0,0,0,0,0,0,0,0,0,0,1
451,F,H,0,0,0,0,0,0,0,0,0,0,0,0,0,0,0,1
452,M,H,0,0,0,0,1,0,0,0,0,0,0,0,0,0,0,1
453,F,H,1,0,0,0,0,0,0,0,0,0,0,0,0,0,0,1
454,M,A,0,0,0,0,1,0,0,0,0,1,0,0,1,0,0,1
455,F,H,0,1,0,0,0,0,0,0,0,0,0,0,0,0,0,1
456,F,H,1,0,0,1,0,0,0,0,0,0,0,0,1,0,0,1
457,F,H,0,0,0,0,0,0,0,0,0,0,0,0,1,0,1,1
458,M,P,0,0,0,0,1,0,0,0,0,1,0,0,0,1,0,1
459,U,H,0,0,0,0,0,0,0,0,0,1,0,0,0,0,0,1
460,F,H,1,0,0,1,0,0,0,1,0,0,0,0,0,0,0,1
461,F,A,0,0,0,0,0,0,0,0,0,0,0,0,0,0,1,1
462,M,H,0,0,0,0,1,0,0,0,0,0,0,0,0,0,0,1
463,F,H,0,0,0,1,0,0,0,0,0,0,0,0,1,0,0,1
464,F,H,0,0,1,0,0,0,0,1,0,0,0,0,0,0,1,1
465,F,A,0,0,0,0,1,0,0,0,0,0,0,0,0,0,0,1
466,M,A,0,0,0,0,1,0,0,0,1,0,0,0,0,0,0,1
467,F,H,0,0,0,0,0,0,0,0,0,0,0,0,0,0,0,1
468,M,A,0,0,0,0,0,0,0,0,0,1,0,0,0,0,0,1
469,M,A,0,0,0,0,0,0,0,1,0,0,0,0,1,0,1,1
470,F,H,0,0,0,0,0,0,1,0,0,0,0,0,0,0,0,1
471,U,A,0,0,0,0,0,0,0,0,0,0,0,0,1,0,0,1
472,F,H,0,0,0,1,0,0,0,1,0,0,0,1,0,0,0,1
473,F,H,0,0,0,0,0,0,0,0,0,0,0,1,0,0,0,1
474,M,H,0,0,0,0,1,0,1,0,0,0,0,0,0,0,0,1
475,F,A,0,0,0,1,0,0,0,0,0,0,0,0,1,0,0,1
476,F,H,0,0,0,0,1,0,0,0,0,0,0,0,0,0,0,1
477,F,H,0,0,0,1,0,0,0,0,0,0,0,0,1,0,0,1
478,F,A,0,0,0,0,0,0,0,0,0,0,0,0,0,0,0,1
479,F,H,0,0,0,0,0,0,0,0,0,0,0,0,0,0,0,1
480,U,H,0,0,0,0,1,0,0,0,0,0,0,0,0,0,0,1
481,F,H,1,0,0,0,1,0,0,0,0,0,0,0,0,0,0,1
482,F,H,0,0,0,0,0,0,0,0,0,0,0,0,0,0,0,1
483,F,H,0,0,0,0,0,0,0,0,0,1,0,0,0,1,0,1
484,F,H,0,0,0,0,0,0,0,0,0,0,0,0,0,0,0,1
485,M,H,0,0,0,0,0,0,0,0,0,1,0,0,0,0,0,1
486,F,P,0,0,0,0,1,0,0,0,0,0,0,0,0,0,1,1
487,F,H,0,0,0,0,1,0,0,0,0,0,0,0,0,0,0,1
488,M,H,0,0,0,0,1,0,0,0,0,0,0,0,0,1,0,1
489,F,H,0,0,0,0,0,0,0,1,0,0,0,0,0,0,0,1
490,F,A,0,0,0,0,0,0,0,0,0,0,0,0,0,0,0,1
491,F,H,1,0,0,0,0,0,0,0,0,0,0,0,0,0,0,1
492,M,A,0,0,0,0,0,0,0,0,0,0,0,0,0,0,0,1
493,F,H,0,0,0,0,0,0,1,0,0,0,0,0,1,0,0,1
494,M,A,0,0,0,0,1,0,0,0,0,0,0,0,0,0,0,1
495,F,A,0,0,0,0,0,0,0,0,0,0,0,0,0,0,1,1
496,M,H,0,0,0,0,0,0,0,1,0,0,0,0,0,0,0,1
497,F,P,0,0,0,1,1,0,0,0,0,1,0,1,0,0,0,1
498,M,H,0,0,0,0,0,0,0,0,0,0,0,0,0,0,0,1
499,F,H,0,0,0,0,0,0,1,0,0,0,0,0,1,0,0,1
500,M,H,0,0,0,0,0,0,0,0,0,0,0,0,0,0,0,1
501,M,A,0,0,0,0,0,0,0,0,0,0,0,0,0,0,1,0
502,F,H,0,0,0,0,0,0,0,0,0,0,0,0,1,0,0,0
503,M,A,0,1,0,0,0,0,0,0,0,0,0,0,0,0,0,0
504,M,A,0,1,0,0,0,0,0,0,0,0,0,0,0,0,0,0
505,F,P,0,1,0,0,0,0,0,0,0,0,0,0,0,0,0,0
506,M,A,0,0,1,0,0,0,0,0,0,0,0,0,1,0,1,0
507,M,H,0,0,0,0,0,0,0,0,0,0,0,0,0,0,0,0
508,M,A,0,1,0,0,0,0,0,0,0,0,0,0,0,0,0,0
509,F,A,0,0,0,0,0,0,0,0,0,0,0,0,0,0,0,0
510,M,H,0,0,0,0,0,0,0,0,0,0,0,0,0,0,0,0
511,F,A,0,1,0,0,0,0,0,0,0,0,0,0,0,0,1,0
512,M,H,0,0,0,0,0,0,0,0,0,0,0,0,0,0,0,0
513,M,H,0,0,0,0,0,0,0,0,0,0,1,0,0,0,0,0
514,M,H,0,0,0,0,0,0,0,0,0,0,0,0,0,1,0,0
515,M,H,0,0,0,0,0,0,0,0,0,0,0,0,0,0,0,0
516,M,H,0,0,1,0,0,0,0,1,0,0,0,0,0,0,0,0
517,F,H,0,0,0,0,0,0,0,0,0,0,0,0,0,1,0,0
518,F,P,0,1,1,0,0,0,0,0,0,0,1,0,0,0,0,0
519,F,A,0,0,0,0,0,0,0,0,0,0,0,0,0,0,0,0
520,M,H,0,0,1,0,0,0,0,0,0,0,0,0,0,1,0,0
521,F,H,0,0,0,0,0,0,0,0,0,0,0,0,0,0,0,0
522,F,A,0,1,0,0,0,0,0,0,0,0,0,0,0,0,0,0
523,M,A,0,0,1,0,0,0,0,0,0,0,0,0,0,0,0,0
524,F,H,0,0,0,0,0,0,0,0,0,0,0,0,0,0,0,0
525,F,A,0,0,0,0,0,0,0,0,0,0,0,0,1,0,0,0
526,F,A,0,0,1,0,0,0,0,0,0,0,0,0,0,1,0,0
527,F,A,0,0,0,0,0,0,0,0,0,0,1,0,0,1,0,0
528,M,A,0,0,0,0,0,0,0,0,0,0,0,0,1,0,0,0
529,M,H,0,0,1,0,0,0,0,0,0,0,0,0,0,0,0,0
530,M,H,0,0,0,0,0,0,0,0,0,0,0,0,0,0,0,0
531,F,A,0,0,0,0,0,0,0,0,0,0,0,0,0,0,0,0
532,M,A,0,0,0,0,0,0,0,0,0,0,0,0,0,1,0,0
533,F,A,0,0,1,0,1,0,0,0,0,0,0,0,0,0,0,0
534,M,H,0,0,0,0,0,0,0,0,0,0,0,0,0,0,0,0
535,F,H,0,1,0,0,0,0,0,0,0,0,0,0,0,1,0,0
536,F,A,0,0,0,0,0,0,0,0,0,0,1,0,0,0,0,0
537,F,H,0,0,1,0,0,0,0,0,0,0,0,0,0,0,1,0
538,M,A,0,0,0,0,0,0,0,0,0,0,1,0,0,0,0,0
539,U,A,0,0,1,0,0,0,0,0,0,0,0,0,0,0,0,0
540,F,A,0,1,0,0,0,0,0,0,0,0,1,0,1,0,0,0
541,F,H,0,0,0,0,0,0,0,0,0,0,0,0,0,0,0,0
542,M,H,0,1,0,0,0,0,0,0,0,0,0,0,0,1,0,0
543,F,H,0,0,0,0,0,0,0,0,0,0,0,0,0,0,0,0
544,F,H,0,0,1,0,0,0,0,0,0,0,0,0,0,1,0,0
545,M,A,0,1,0,0,0,0,0,0,0,0,0,0,0,0,0,0
546,M,P,0,0,0,0,0,0,0,0,0,0,0,0,0,0,0,0
547,M,A,0,1,0,0,0,0,0,0,0,0,0,0,0,1,0,0
548,U,A,0,0,0,0,0,0,0,0,0,1,0,0,0,0,1,0
549,M,P,0,1,0,0,0,0,0,0,0,0,0,0,0,0,0,0
550,F,A,0,0,0,0,0,0,0,0,0,0,0,0,0,0,0,0
551,F,A,0,0,1,0,0,0,0,0,0,0,0,0,0,0,0,0
552,F,A,0,0,0,0,0,0,0,0,0,1,0,0,0,0,0,0
553,U,H,0,0,0,0,0,0,0,0,0,0,0,0,0,1,0,0
554,F,H,0,0,0,0,0,0,0,0,0,0,0,0,0,0,0,0
555,M,H,0,1,1,0,1,0,0,0,0,0,0,0,0,0,0,0
556,M,H,0,0,1,0,0,0,0,0,0,0,0,0,0,0,0,0
557,M,P,0,0,0,0,0,0,0,0,0,0,0,0,0,1,0,0
558,M,H,0,0,0,0,0,0,0,0,0,0,0,0,0,0,0,0
559,F,A,0,0,0,0,0,0,0,0,0,0,0,0,1,0,0,0
560,M,P,0,1,0,0,0,0,0,0,0,0,1,0,0,0,0,0
561,U,H,0,0,1,0,0,0,0,0,0,0,0,0,0,0,0,0
562,F,A,0,0,1,0,0,0,0,0,0,0,1,0,0,0,0,0
563,F,H,0,0,0,0,0,0,0,0,0,0,0,0,0,1,0,0
564,M,H,0,0,1,0,0,0,1,0,0,0,0,0,0,0,0,0
565,M,P,0,0,1,0,0,0,0,0,0,0,0,0,0,0,0,0
566,M,H,0,0,0,0,0,0,0,0,0,0,1,0,0,0,0,0
567,M,H,0,0,0,0,0,0,0,0,0,0,0,0,0,0,0,0
568,F,H,0,0,0,0,0,0,0,0,0,0,0,1,0,0,0,0
569,F,H,0,0,0,0,0,0,0,0,0,0,0,0,0,0,0,0
570,F,H,0,0,0,0,0,0,0,0,0,0,0,0,0,0,0,0
571,F,A,0,0,0,0,0,0,0,0,0,0,0,0,0,0,0,0
572,F,P,0,0,0,0,0,0,0,0,0,0,0,0,0,0,0,0
573,M,H,0,1,0,0,0,0,0,0,0,0,0,0,0,0,0,0
574,F,A,0,0,0,0,0,0,0,0,0,0,0,0,0,1,0,0
575,M,H,0,0,0,0,0,0,0,0,0,0,0,0,0,0,0,0
576,U,H,0,0,0,0,0,0,0,0,0,0,0,0,0,0,0,0
577,F,H,0,0,0,0,0,0,0,0,0,0,1,0,0,0,0,0
578,M,P,0,0,0,0,0,0,0,0,0,0,0,0,0,0,0,0
579,F,H,0,0,1,0,0,0,0,0,0,0,0,0,0,0,0,0
580,M,H,0,1,0,0,0,0,0,0,0,0,0,0,1,0,0,0
581,F,A,0,0,1,0,0,0,0,0,0,0,0,0,0,1,0,0
582,F,H,0,1,0,0,0,0,0,0,0,0,0,0,1,0,1,0
583,M,H,0,0,0,0,0,0,0,0,0,0,1,1,0,0,0,0
584,F,H,0,0,0,0,0,0,0,0,0,0,0,0,0,0,0,0
585,F,P,0,1,0,0,0,0,0,0,0,0,0,0,0,0,0,0
586,F,A,0,1,0,0,0,0,0,0,0,0,0,0,0,1,0,0
587,M,H,0,1,0,0,0,0,0,0,0,0,0,0,0,0,0,0
588,M,H,0,0,0,0,0,0,0,0,0,0,0,0,0,0,0,0
589,F,H,0,0,0,0,0,0,0,0,0,0,0,0,0,0,0,0
590,F,A,0,0,0,1,0,0,0,0,0,0,0,0,1,0,0,0
591,F,A,0,1,0,0,0,0,0,0,0,0,0,0,0,0,0,0
592,F,A,0,1,1,0,0,0,0,0,0,0,0,0,0,0,0,0
593,M,A,0,1,0,0,0,0,0,0,0,0,0,0,0,0,0,0
594,F,H,0,0,0,0,0,0,0,0,0,0,0,0,0,0,0,0
595,M,H,0,0,0,0,0,0,0,0,0,0,0,0,0,0,0,0
596,M,H,0,0,0,0,0,0,0,0,0,0,0,0,0,0,0,0
597,F,H,0,0,0,0,0,0,0,0,0,0,1,0,0,0,0,0
598,F,A,0,0,0,0,0,0,0,0,0,0,0,0,0,0,0,0
599,F,H,0,0,0,0,0,0,0,0,0,0,0,0,0,0,0,0
600,M,A,0,0,0,0,0,0,0,0,0,0,0,0,0,0,0,0
601,M,A,0,0,0,0,0,0,0,0,0,0,0,0,0,0,0,0
602,F,H,0,1,0,0,0,0,0,0,0,0,0,0,0,1,0,0
603,F,A,0,1,0,0,0,0,0,0,0,0,0,0,0,0,0,0
604,M,A,0,0,0,0,0,0,0,0,0,0,0,0,0,0,0,0
605,F,H,0,0,0,0,0,0,0,0,0,0,0,0,0,0,0,0
606,M,P,0,1,0,0,0,0,0,0,0,0,0,0,0,0,0,0
607,M,H,0,0,0,0,0,0,0,0,0,0,0,0,0,0,0,0
608,M,A,0,0,1,0,1,0,0,0,1,0,0,1,0,0,0,0
609,F,H,0,1,0,0,0,0,0,0,0,0,0,0,0,0,0,0
610,M,H,0,0,0,0,0,0,0,0,0,0,0,0,0,0,0,0
611,M,A,0,1,0,0,0,0,0,0,0,0,0,0,0,1,0,0
612,F,H,0,0,0,0,0,0,0,0,0,0,0,0,0,0,0,0
613,F,A,0,0,1,0,0,0,0,0,0,0,0,0,0,0,0,0
614,M,H,0,1,0,0,0,0,0,0,0,0,0,0,0,1,0,0
615,M,P,0,1,0,0,1,0,0,0,0,0,0,0,0,0,0,0
616,F,A,0,1,0,0,0,0,0,0,0,0,1,0,0,0,0,0
617,F,A,0,0,0,0,0,0,0,0,0,0,1,0,0,0,0,0
618,M,A,0,1,0,0,0,0,0,0,0,0,0,0,0,0,0,0
619,F,H,0,0,0,0,0,0,0,0,0,0,0,0,0,0,0,0
620,M,H,0,1,0,0,0,0,0,0,0,0,0,0,0,0,0,0
621,F,H,0,0,1,0,0,0,0,0,0,0,0,0,0,1,0,0
622,F,A,0,1,0,0,0,0,0,0,0,0,0,0,0,0,0,0
623,F,A,0,0,0,0,0,0,0,0,0,0,0,0,0,0,0,0
624,M,A,0,0,0,0,0,0,0,0,0,0,1,0,0,1,0,0
625,F,A,0,0,0,0,0,0,0,0,0,0,0,0,0,1,0,0
626,M,P,0,1,0,0,0,0,0,0,0,0,1,0,1,0,0,0
627,F,P,0,0,0,0,0,0,0,0,0,0,0,0,0,1,0,0
628,M,A,0,0,1,0,0,0,0,0,0,0,0,0,0,1,0,0
629,M,A,0,0,0,0,0,0,0,0,0,1,0,0,0,0,0,0
630,F,A,0,0,1,0,0,0,0,0,0,0,0,0,0,0,0,0
631,M,A,0,1,0,0,0,0,0,0,0,0,0,0,0,0,0,0
632,M,H,0,0,0,0,0,0,0,0,0,0,0,0,0,0,0,0
633,M,H,0,0,1,0,0,0,0,0,0,0,0,0,0,0,0,0
634,M,H,0,0,0,0,0,0,0,0,0,0,1,0,0,0,0,0
635,M,A,0,1,0,0,0,0,0,0,0,0,0,0,0,0,0,0
636,F,H,0,0,0,0,0,0,0,0,0,0,0,0,0,0,0,0
637,M,H,0,0,0,0,0,0,0,0,0,0,0,0,0,0,0,0
638,M,H,0,0,0,0,0,0,0,0,0,0,0,0,0,0,0,0
639,M,H,0,0,0,0,0,0,0,0,0,0,0,0,0,0,0,0
640,F,A,0,0,0,0,0,0,0,0,1,0,0,0,0,0,0,0
641,F,H,0,0,0,0,0,0,0,0,0,0,0,0,0,1,0,0
642,M,A,0,0,0,0,0,0,0,0,0,0,0,0,0,1,0,0
643,M,A,0,0,1,0,0,0,0,0,0,0,0,0,0,1,0,0
644,F,H,0,1,0,0,0,0,0,0,0,0,0,0,0,0,0,0
645,F,H,0,0,0,0,0,0,0,0,0,0,0,0,0,0,0,0
646,M,A,0,1,0,0,0,0,0,0,0,0,0,0,0,0,0,0
647,M,H,0,0,0,0,0,0,0,0,0,0,1,0,0,1,0,0
648,M,H,0,0,1,0,1,0,0,0,0,0,1,0,0,0,0,0
649,M,H,0,0,1,0,0,0,0,0,0,0,0,0,0,0,0,0
650,M,A,0,1,0,0,0,0,0,0,0,0,0,0,0,0,0,0
651,F,P,0,0,0,0,0,0,0,0,0,0,0,0,0,0,0,0
652,F,H,0,0,0,0,0,0,0,0,0,0,1,0,0,1,0,0
653,M,A,0,0,0,0,0,0,0,0,0,0,0,0,0,1,0,0
654,F,H,0,0,0,1,0,0,0,0,0,0,0,0,0,0,0,0
655,F,A,0,0,0,0,0,0,0,0,0,1,0,0,0,1,0,0
656,F,H,0,0,0,0,0,0,0,0,0,0,0,0,0,1,0,0
657,M,H,0,0,1,0,0,0,0,0,0,0,0,0,0,0,0,0
658,F,H,0,0,1,0,0,0,0,0,0,0,0,0,0,0,0,0
659,M,H,0,0,0,0,0,0,0,0,0,0,0,0,0,1,0,0
660,M,A,0,1,0,0,0,0,0,0,0,0,0,0,0,0,0,0
661,M,H,0,1,0,0,0,0,0,0,0,0,0,0,0,1,0,0
662,M,A,0,0,0,0,0,0,0,0,0,0,0,0,0,0,0,0
663,F,P,0,0,0,0,0,0,0,0,0,0,0,0,0,0,0,0
664,M,H,0,0,1,0,0,0,0,0,0,0,0,0,0,0,0,0
665,F,H,0,0,0,0,0,0,0,0,0,0,1,0,0,1,0,0
666,M,H,0,0,0,0,0,0,0,0,0,0,0,0,0,1,0,0
667,U,A,0,1,0,0,0,0,0,0,0,0,0,0,0,0,0,0
668,U,A,0,0,0,0,0,0,0,0,0,0,0,0,0,0,0,0
669,U,P,0,1,1,0,0,0,0,0,0,0,0,0,1,0,0,0
670,M,H,0,0,1,0,0,0,0,0,0,0,0,0,0,1,0,0
671,M,H,0,0,0,0,0,0,0,0,0,0,1,0,0,0,0,0
672,F,H,0,0,0,0,0,0,0,0,0,0,0,0,0,0,0,0
673,F,H,0,0,0,0,0,0,0,0,0,0,0,0,0,0,0,0
674,F,H,0,0,0,0,0,0,0,0,0,0,0,0,0,1,0,0
675,F,H,0,0,1,0,0,0,0,0,0,0,0,0,0,0,0,0
676,U,A,0,0,0,0,0,0,0,0,0,0,0,0,0,0,0,0
677,F,A,0,0,0,0,0,0,0,0,0,0,0,0,0,0,0,0
678,F,A,0,0,0,0,0,0,0,0,0,0,0,0,0,1,0,0
679,M,A,0,0,0,0,0,0,0,0,0,0,0,0,0,0,0,0
680,F,H,0,0,0,0,0,0,0,0,0,0,0,0,0,0,0,0
681,F,H,0,0,0,0,0,0,0,0,0,0,0,0,0,0,0,0
682,M,A,0,1,1,0,1,0,0,0,0,0,0,0,1,0,0,0
683,F,H,0,0,1,0,1,0,0,0,0,0,1,0,0,0,0,0
684,M,A,0,0,0,0,0,0,0,0,0,0,0,0,0,0,0,0
685,U,H,0,1,0,0,0,0,0,0,0,0,0,0,0,0,0,0
686,F,P,0,0,0,0,0,0,0,0,0,0,0,0,0,0,0,0
687,M,H,0,0,0,0,0,0,0,0,0,0,1,0,0,0,0,0
688,M,A,0,1,1,0,0,0,0,0,0,0,0,0,0,0,1,0
689,M,H,0,0,1,0,0,0,0,0,0,0,0,0,0,0,0,0
690,F,H,0,1,0,0,1,0,0,0,0,0,0,0,0,0,0,0
691,F,H,0,0,0,0,0,0,0,0,0,0,0,0,0,1,0,0
692,F,A,0,0,0,0,0,0,0,0,0,0,0,0,0,0,0,0
693,F,H,0,1,1,0,0,0,0,0,0,0,1,0,0,0,0,0
694,F,H,0,0,0,0,0,0,0,0,0,0,0,0,0,0,0,0
695,U,A,0,0,0,0,0,0,0,0,0,1,0,0,0,0,0,0
696,F,H,0,0,1,0,0,0,0,0,0,0,1,0,0,0,0,0
697,M,H,0,0,1,0,0,0,0,0,0,0,1,0,0,0,0,0
698,F,H,0,0,1,0,0,0,0,0,0,0,0,0,0,0,0,0
699,M,H,0,0,1,0,0,0,0,0,0,0,0,0,0,0,0,0
700,M,H,0,0,0,0,0,0,0,0,0,0,0,0,0,0,0,0
701,F,A,0,0,1,0,0,0,0,0,0,1,0,0,0,0,0,0
702,F,A,0,0,1,0,0,0,0,0,0,0,0,0,0,0,0,0
703,M,A,0,0,0,0,0,0,0,0,0,0,0,0,0,1,0,0
704,F,A,0,0,1,0,0,0,0,0,0,0,0,0,0,1,1,0
705,F,A,0,0,0,0,0,0,0,0,0,0,0,0,0,0,0,0
706,M,A,0,0,0,0,0,0,0,0,0,0,1,0,0,0,0,0
707,U,H,0,0,0,0,0,0,0,0,0,0,0,0,0,0,0,0
708,M,P,0,0,0,0,0,0,0,0,0,0,0,0,1,0,0,0
709,U,A,0,1,0,0,0,0,0,0,0,0,1,0,0,0,0,0
710,M,P,0,0,0,0,0,0,0,0,0,0,0,0,0,1,0,0
711,U,H,0,0,1,0,0,0,0,0,0,0,0,0,0,0,0,0
712,F,P,0,0,0,0,0,0,0,0,0,0,0,0,0,0,0,0
713,F,A,0,0,0,0,0,0,0,0,0,0,0,0,0,0,0,0
714,M,H,0,1,0,0,0,0,0,0,0,1,0,0,0,0,0,0
715,F,A,0,0,0,0,0,0,0,0,0,0,0,0,0,0,0,0
716,F,A,0,0,0,0,0,0,0,0,0,0,0,0,0,0,0,0
717,M,A,0,0,0,0,0,0,0,0,0,0,0,0,0,1,0,0
718,F,A,0,1,1,0,0,0,0,0,0,0,0,0,0,0,0,0
719,F,H,0,0,0,0,0,0,0,0,0,0,1,0,0,1,0,0
720,F,A,0,0,1,0,0,0,0,0,0,0,0,0,0,1,0,0
721,U,H,0,0,0,0,0,0,0,0,0,0,0,0,0,0,0,0
722,F,A,0,0,0,0,1,0,0,0,0,0,0,0,0,0,0,0
723,M,A,0,1,1,0,0,0,0,0,0,0,0,0,0,0,0,0
724,M,A,0,1,1,0,0,0,0,0,0,0,1,0,0,0,0,0
725,M,H,0,0,0,0,0,0,0,0,0,0,0,0,0,0,0,0
726,M,A,0,1,0,0,0,0,0,0,0,0,0,0,0,1,0,0
727,F,A,0,0,0,0,0,0,0,0,0,0,0,0,0,0,0,0
728,F,P,0,1,0,0,0,0,0,0,0,0,0,0,0,0,0,0
729,F,H,0,0,0,0,0,0,0,0,0,0,1,0,0,0,0,0
730,M,A,0,1,1,0,0,0,0,0,0,0,0,0,0,0,0,0
731,M,A,0,1,0,0,0,0,0,0,0,0,0,0,0,0,0,0
732,F,H,0,1,1,0,0,0,0,0,0,0,0,0,0,0,0,0
733,F,H,0,0,1,0,0,0,0,0,0,0,0,0,0,0,0,0
734,F,A,0,0,1,0,0,0,0,0,0,0,0,0,0,0,0,0
735,F,H,0,0,0,0,0,0,0,0,0,0,0,0,0,0,0,0
736,F,H,0,0,0,0,0,0,0,0,0,0,0,0,0,0,0,0
737,U,A,0,0,1,0,0,0,0,0,0,0,0,0,0,0,0,0
738,M,A,0,0,1,0,0,0,0,0,0,0,0,0,0,0,0,0
739,M,A,0,1,0,0,1,0,0,0,0,0,0,0,0,0,0,0
740,M,A,0,0,1,0,0,0,0,0,0,0,1,0,0,1,0,0
741,F,H,0,0,0,0,0,0,0,0,0,0,1,0,0,0,0,0
742,M,H,0,0,0,0,0,0,0,1,0,0,1,0,0,0,0,0
743,F,A,0,0,0,0,0,0,0,0,0,0,0,0,0,0,0,0
744,F,P,0,0,1,0,0,0,0,0,0,0,0,0,1,0,1,0
745,F,H,0,0,0,0,0,0,0,0,0,0,0,0,0,1,0,0
746,M,A,0,1,1,0,0,0,0,0,0,0,0,0,0,0,0,0
747,M,A,0,0,0,0,0,0,0,0,0,0,0,0,0,0,0,0
748,M,H,0,0,0,0,0,0,0,0,0,0,0,0,0,0,0,0
749,M,P,0,0,0,0,0,0,0,0,0,0,0,0,0,0,0,0
750,F,A,0,0,1,0,0,0,0,0,0,0,0,0,0,1,0,0
751,F,A,0,0,1,0,0,0,1,0,0,0,0,0,0,1,0,0
752,F,H,0,1,1,0,0,0,0,0,0,0,0,0,0,0,0,0
753,M,H,0,1,0,0,0,0,0,0,0,0,0,0,0,0,0,0
754,F,A,0,1,0,0,0,0,0,0,0,0,0,0,0,1,0,0
755,U,A,0,1,0,0,0,0,0,0,0,0,0,0,0,0,0,0
756,F,P,0,0,0,0,0,0,0,0,0,0,0,0,0,0,0,0
757,F,A,0,0,0,0,0,0,0,1,0,0,0,0,0,1,0,0
758,U,H,0,0,0,0,0,0,0,0,0,0,0,0,0,0,0,0
759,M,A,0,0,0,0,0,0,0,0,0,0,1,0,0,0,0,0
760,M,A,0,0,1,0,0,0,0,0,1,0,0,0,0,0,0,0
761,M,H,0,0,0,0,0,0,0,0,0,0,0,0,0,1,0,0
762,M,H,0,0,0,0,0,0,0,0,0,0,0,0,0,0,0,0
763,M,H,0,0,0,0,0,0,0,0,0,0,0,0,0,1,0,0
764,F,A,0,0,0,0,0,0,0,0,0,0,0,0,0,0,0,0
765,U,H,0,0,0,0,0,0,0,0,0,0,0,0,0,0,0,0
766,M,A,0,0,0,0,0,0,0,0,0,0,0,0,0,0,0,0
767,F,H,0,0,1,0,0,0,0,0,0,0,0,0,0,0,0,0
768,M,P,0,1,0,0,0,0,0,0,0,0,0,0,0,0,0,0
769,F,H,0,1,0,0,0,0,0,0,0,0,0,0,0,0,0,0
770,M,H,0,0,1,0,0,0,0,0,0,0,0,0,0,1,0,0
771,M,H,0,0,1,0,0,0,0,0,0,0,0,0,0,0,0,0
772,F,P,0,0,0,0,0,0,0,0,0,0,0,0,0,0,0,0
773,M,A,0,0,0,0,0,0,0,0,0,0,0,0,0,0,0,0
774,M,A,0,0,0,0,0,0,0,0,0,0,0,0,0,1,0,0
775,M,A,0,0,0,0,0,0,0,0,0,0,1,0,0,0,1,0
776,F,H,0,0,0,0,0,0,0,0,0,0,0,0,0,0,0,0
777,F,H,0,1,0,0,0,0,1,0,0,0,0,0,0,0,0,0
778,U,A,0,0,0,0,0,0,0,0,0,0,1,0,0,0,0,0
779,F,H,0,0,1,0,0,0,0,0,0,0,0,0,0,1,0,0
780,F,H,0,1,0,0,0,0,0,0,0,0,0,0,0,1,0,0
781,F,H,0,1,0,0,0,0,0,0,0,0,0,0,0,0,0,0
782,F,A,0,0,0,0,0,0,0,0,0,0,1,0,1,0,0,0
783,M,H,0,0,0,0,0,0,0,1,0,0,1,0,0,0,0,0
784,M,H,0,0,0,0,0,0,0,0,0,0,0,0,0,1,0,0
785,F,H,0,0,0,0,0,0,0,0,0,1,0,0,0,0,0,0
786,F,H,0,0,0,0,0,0,0,0,0,0,0,0,0,0,0,0
787,F,H,0,0,0,0,0,0,0,0,0,0,0,0,0,1,0,0
788,F,A,0,0,0,0,0,0,0,0,0,0,0,0,0,0,0,0
789,M,H,0,0,0,0,0,0,0,0,0,0,0,0,0,0,0,0
790,M,A,0,0,0,0,0,0,0,0,0,0,0,0,0,0,0,0
791,U,H,0,0,0,0,0,0,0,0,0,0,0,0,0,0,0,0
792,F,A,0,0,0,0,0,0,0,0,0,0,0,0,1,0,0,0
793,F,H,0,1,0,0,0,0,0,0,0,0,0,0,0,0,0,0
794,M,A,0,0,1,0,0,0,0,0,0,0,0,0,0,0,0,0
795,U,A,0,1,0,0,0,0,0,0,0,0,0,0,0,0,0,0
796,F,H,0,1,0,0,0,0,0,0,0,0,1,0,0,0,1,0
797,F,A,1,0,0,0,0,0,0,0,0,0,1,0,0,0,0,0
798,M,A,1,1,0,0,0,0,0,0,0,0,0,0,0,0,0,0
799,M,A,0,0,0,0,0,0,0,1,0,0,0,0,0,0,0,0
800,M,H,0,0,0,0,0,0,0,0,0,0,0,0,0,0,0,0
801,F,H,0,0,0,0,0,0,0,0,0,0,1,0,0,0,0,0
802,M,H,0,0,0,0,0,0,0,0,0,0,0,0,0,0,0,0
803,M,H,0,0,0,0,0,0,0,0,0,1,0,0,0,0,0,0
804,U,H,0,1,1,0,0,0,0,0,0,0,0,0,0,0,0,0
805,M,H,0,1,0,0,0,0,0,0,0,0,0,0,0,0,0,0
806,F,P,0,0,0,0,0,0,0,0,0,0,0,0,0,0,0,0
807,M,H,0,0,0,0,0,0,0,0,0,0,0,0,0,0,0,0
808,U,A,0,0,0,0,0,0,0,0,0,0,1,0,1,0,0,0
809,F,A,0,0,0,0,0,0,0,0,0,0,0,0,0,0,0,0
810,M,A,0,0,0,0,0,0,0,0,0,0,0,0,0,0,0,0
811,M,P,0,1,0,0,0,0,0,0,0,0,1,0,0,1,0,0
812,F,P,0,1,0,0,0,0,0,0,0,0,0,0,0,0,0,0
813,U,H,0,0,0,0,0,0,0,0,0,0,0,0,0,0,0,0
814,M,H,0,0,1,0,0,0,0,1,0,0,1,0,0,0,0,0
815,F,H,0,0,0,0,0,0,0,0,0,0,0,0,0,0,0,0
816,M,H,0,0,0,0,0,0,0,0,0,1,0,0,0,0,0,0
817,M,A,0,0,0,0,0,0,0,0,0,0,0,0,0,0,0,0
818,M,H,0,0,0,0,0,0,0,0,0,0,0,0,0,0,0,0
819,M,H,0,0,0,0,0,0,0,0,0,1,0,0,0,0,0,0
820,F,H,0,1,0,0,0,0,0,0,0,0,0,0,0,0,0,0
821,M,H,0,0,0,0,0,0,0,0,0,0,0,0,1,0,0,0
822,F,A,0,0,0,0,0,0,0,0,0,0,0,0,0,0,0,0
823,F,H,0,0,0,0,0,0,0,0,0,1,0,0,0,1,0,0
824,F,A,0,1,0,0,0,0,0,0,0,0,0,0,0,0,0,0
825,M,H,0,1,0,0,0,0,0,0,0,0,0,0,0,1,0,0
826,F,A,0,0,0,0,0,0,0,0,0,0,0,0,0,0,0,0
827,F,H,0,0,0,0,0,0,0,0,0,0,0,0,0,0,0,0
828,M,H,0,0,0,0,0,0,0,0,0,0,0,0,0,0,0,0
829,M,A,0,1,0,0,0,0,0,0,0,0,0,0,0,0,0,0
830,F,A,0,0,0,0,0,0,0,0,0,0,0,0,0,0,0,0
831,F,A,0,0,0,0,0,0,0,0,0,0,0,0,0,1,0,0
832,U,A,0,0,1,0,0,0,0,0,0,0,0,0,0,1,0,0
833,F,A,0,0,0,0,0,0,0,0,0,0,1,0,0,0,0,0
834,M,H,0,1,1,0,0,0,0,0,0,0,0,0,0,0,0,0
835,U,H,0,1,0,0,0,0,0,0,0,1,0,0,0,0,0,0
836,M,H,0,0,0,0,0,0,0,0,0,0,0,0,0,0,0,0
837,M,H,0,0,1,0,0,0,0,0,0,0,0,0,0,0,0,0
838,F,H,0,1,0,0,0,0,0,0,0,0,0,0,0,0,1,0
839,F,A,0,1,0,0,0,0,0,0,0,0,0,1,0,0,0,0
840,U,H,0,0,0,0,0,0,0,0,0,0,0,0,0,0,0,0
841,F,H,0,0,1,0,0,0,0,0,0,0,0,0,0,0,0,0
842,M,H,0,0,0,0,0,0,0,0,0,0,0,0,0,0,0,0
843,U,P,0,0,0,0,1,0,0,0,0,0,0,0,0,1,0,0
844,M,A,0,0,0,0,0,0,0,0,0,0,0,0,0,0,0,0
845,M,A,0,1,1,0,0,0,0,0,0,0,0,0,0,0,0,0
846,M,H,0,0,0,0,0,0,0,0,0,0,0,0,0,0,0,0
847,F,H,0,0,1,0,0,0,0,0,0,0,1,0,0,1,1,0
848,F,A,0,0,1,0,0,0,0,0,0,0,1,0,0,0,0,0
849,F,A,0,1,0,0,0,0,0,0,0,0,0,0,0,0,0,0
850,M,A,0,0,1,0,0,0,0,0,0,0,0,0,0,0,0,0
851,M,H,0,0,0,0,0,0,0,0,0,0,0,0,0,0,0,0
852,F,H,0,0,0,0,0,0,0,0,0,1,0,0,0,0,1,0
853,M,A,0,0,0,0,0,0,0,0,0,0,1,0,0,0,0,0
854,F,A,0,0,0,0,0,0,0,0,0,0,0,0,0,0,0,0
855,M,H,0,0,0,0,0,0,0,1,0,0,0,0,0,0,0,0
856,F,H,0,0,0,0,0,0,0,0,0,0,1,0,0,0,1,0
857,M,A,0,0,0,0,0,0,0,0,0,0,0,0,0,0,0,0
858,M,A,0,0,0,0,0,0,0,0,0,0,1,0,0,1,0,0
859,F,A,1,0,0,0,0,0,0,0,0,0,0,0,0,0,0,0
860,M,A,0,0,0,0,0,0,0,0,0,0,1,0,0,0,0,0
861,M,A,0,1,0,0,0,0,0,0,0,0,0,0,0,1,0,0
862,M,A,0,0,0,0,0,0,0,0,0,0,0,0,0,0,1,0
863,M,A,0,0,0,0,0,0,0,0,0,0,1,0,0,1,0,0
864,M,A,0,0,0,0,0,0,0,0,0,0,0,0,0,1,0,0
865,M,H,0,0,0,0,0,0,0,0,0,0,0,0,0,0,0,0
866,M,H,0,0,0,0,0,0,0,0,0,0,0,0,0,0,0,0
867,F,H,0,0,0,0,0,0,0,0,0,0,1,0,0,1,0,0
868,M,H,0,1,0,0,0,0,0,0,1,0,0,0,0,1,0,0
869,F,H,0,0,0,0,0,0,0,0,0,0,0,0,0,0,0,0
870,F,A,0,0,0,0,0,0,0,0,0,0,0,0,0,0,0,0
871,F,P,0,1,0,0,0,0,0,0,0,0,0,1,0,0,0,0
872,U,A,0,0,0,0,0,0,0,0,0,0,0,0,0,1,0,0
873,F,A,0,0,0,0,0,0,0,0,0,0,0,0,0,1,0,0
874,M,H,0,1,1,0,0,0,0,0,0,0,0,0,0,0,0,0
875,F,H,0,0,1,0,0,0,0,0,0,0,0,0,0,0,0,0
876,F,A,0,0,0,0,0,0,0,0,0,0,1,0,0,1,0,0
877,F,A,1,0,0,0,0,0,1,0,0,0,0,0,0,0,0,0
878,F,H,0,0,0,0,0,0,0,0,0,0,0,0,0,1,0,0
879,F,A,0,0,0,0,0,0,0,0,0,0,0,0,0,0,0,0
880,M,A,0,0,0,0,0,0,0,0,0,0,0,0,0,0,0,0
881,F,A,0,1,0,0,0,0,0,0,0,0,0,0,0,0,0,0
882,F,H,0,0,1,0,0,0,0,0,0,0,0,0,0,0,0,0
883,F,H,0,1,0,0,0,0,0,0,0,0,0,0,0,0,0,0
884,F,H,0,0,0,0,0,0,0,0,0,0,0,0,0,0,0,0
885,F,H,0,0,0,0,0,0,0,0,0,0,0,0,0,0,0,0
886,M,A,0,0,0,0,0,0,0,0,0,0,0,1,0,1,0,0
887,M,A,0,0,0,0,0,0,0,0,0,1,0,0,0,0,0,0
888,F,H,0,0,1,0,0,0,0,0,0,0,0,0,0,1,0,0
889,M,H,0,0,0,0,0,0,0,0,0,0,0,0,1,0,0,0
890,F,H,0,0,1,0,0,0,0,0,0,0,0,0,0,1,0,0
891,F,A,0,1,0,0,0,0,0,0,0,0,1,0,0,0,0,0
892,F,A,0,1,1,0,0,0,0,0,0,0,0,0,0,1,0,0
893,M,H,0,0,1,0,0,0,0,0,0,0,1,0,0,0,0,0
894,U,A,0,0,1,0,0,0,0,0,0,0,0,0,0,0,0,0
895,U,H,0,0,0,0,0,0,0,0,0,0,1,0,0,0,0,0
896,M,P,0,1,0,0,0,0,0,0,0,0,0,0,0,0,0,0
897,M,A,0,0,0,0,0,0,0,0,0,0,0,0,0,0,0,0
898,F,A,0,0,0,0,0,0,0,0,0,0,0,0,0,0,0,0
899,F,A,0,0,0,0,0,0,0,0,0,0,0,0,0,0,0,0
900,F,H,0,0,0,0,0,0,0,0,0,0,0,0,0,1,1,0
901,U,H,0,1,1,0,0,0,0,0,0,0,0,0,0,0,0,0
902,M,H,0,1,0,0,0,0,0,0,0,0,0,0,0,0,0,0
903,F,A,0,0,0,0,0,0,0,0,0,0,0,0,0,0,0,0
904,F,A,0,0,0,0,0,0,0,0,0,0,0,0,0,0,0,0
905,M,H,0,1,1,0,0,0,0,1,0,0,0,0,0,0,0,0
906,M,A,0,1,0,0,1,0,0,0,0,0,0,0,0,0,0,0
907,M,A,0,0,1,0,0,0,0,0,0,0,0,0,0,0,0,0
908,F,A,0,0,0,0,0,0,0,0,0,0,0,0,0,0,0,0
909,F,H,0,0,0,0,0,0,0,0,0,0,0,0,0,0,0,0
910,M,H,0,0,0,0,0,0,0,0,0,0,0,0,0,0,0,0
911,M,H,0,0,0,0,0,0,0,0,0,0,1,0,0,0,0,0
912,F,P,0,0,0,0,0,0,0,0,0,0,0,0,0,1,0,0
913,F,A,0,1,0,0,0,0,0,0,0,0,0,0,0,0,0,0
914,M,H,0,0,1,0,0,0,0,0,0,0,0,0,0,0,0,0
915,U,H,0,0,0,0,0,0,0,0,0,0,0,0,0,1,0,0
916,M,H,0,0,1,0,0,0,0,0,0,0,0,0,0,0,1,0
917,M,H,0,0,0,0,0,0,0,0,0,0,0,0,0,0,0,0
918,M,H,0,0,1,0,0,0,0,0,0,0,0,0,0,0,0,0
919,M,H,0,1,0,0,0,0,0,0,0,0,0,0,0,0,0,0
920,M,A,0,1,0,0,0,0,0,0,0,0,1,0,0,0,0,0
921,M,P,0,0,1,0,0,0,0,0,0,0,1,0,0,1,0,0
922,M,A,0,0,0,0,0,0,0,0,0,0,0,0,0,1,0,0
923,M,H,0,0,0,0,0,0,0,0,0,0,0,0,0,0,0,0
924,F,A,0,0,0,0,0,0,0,0,0,0,0,0,0,1,0,0
925,U,A,1,0,0,0,1,0,0,0,0,0,0,0,0,0,0,0
926,M,A,0,0,0,0,0,0,0,1,0,0,0,0,0,0,0,0
927,M,H,0,0,1,0,0,0,0,0,0,0,1,0,0,0,0,0
928,M,A,0,0,1,0,0,0,0,0,0,1,0,0,0,0,1,0
929,F,A,0,0,0,0,0,0,0,0,0,0,0,0,0,0,0,0
930,M,P,0,1,0,0,0,0,0,0,0,0,0,0,0,0,0,0
931,F,A,0,0,0,0,0,0,0,0,0,0,0,0,0,0,0,0
932,U,H,0,1,0,0,0,0,0,0,0,0,0,0,0,1,0,0
933,F,P,0,0,0,0,1,0,0,0,0,0,0,0,0,0,0,0
934,F,H,0,0,1,0,0,0,0,1,0,0,0,0,0,1,0,0
935,F,A,0,0,0,0,0,0,0,0,0,0,0,0,0,0,0,0
936,F,P,0,1,0,0,0,0,0,0,0,0,0,0,0,0,0,0
937,M,A,0,0,0,0,0,0,0,0,0,0,1,0,0,0,0,0
938,M,P,0,0,1,0,0,0,0,1,0,0,0,0,0,0,0,0
939,M,A,0,0,1,0,0,0,0,0,0,0,1,0,0,0,0,0
940,M,A,0,0,0,0,0,0,0,0,0,0,0,0,0,0,0,0
941,M,H,0,1,0,0,0,0,0,0,0,0,0,0,0,0,0,0
942,M,A,0,0,0,0,0,0,0,0,0,0,0,0,0,0,0,0
943,M,A,0,0,0,0,0,0,0,0,0,0,0,0,0,1,0,0
944,F,A,0,0,0,0,0,0,0,0,0,0,0,0,0,0,0,0
945,F,A,0,1,0,0,0,0,0,0,0,0,1,0,0,0,0,0
946,F,A,0,0,1,0,0,0,0,0,0,0,0,0,1,0,0,0
947,M,H,0,0,0,0,0,1,0,0,0,0,0,0,0,1,0,0
948,U,H,1,1,0,0,0,0,0,0,0,0,0,0,0,0,0,0
949,F,A,0,0,1,0,0,0,0,0,0,0,0,0,0,0,0,0
950,M,H,0,0,0,0,0,0,0,0,0,0,0,0,0,0,0,0
951,F,H,0,1,0,0,0,0,0,0,0,0,1,0,0,1,0,0
952,U,H,0,1,0,0,0,0,0,0,0,0,0,0,0,1,0,0
953,M,A,0,0,0,0,0,0,0,0,0,0,0,0,0,0,0,0
954,M,A,0,0,0,0,0,0,0,0,0,0,1,0,0,0,0,0
955,M,H,0,1,0,0,0,0,0,0,0,0,1,0,0,0,0,0
956,F,H,0,1,1,0,0,0,0,0,0,0,0,0,0,0,0,0
957,M,H,0,0,1,0,0,0,0,0,0,0,0,0,0,1,0,0
958,F,A,0,0,1,0,0,0,0,0,0,0,1,0,0,0,0,0
959,U,H,0,0,0,0,0,0,0,0,0,0,0,0,0,0,0,0
960,U,H,0,0,0,0,0,0,0,0,0,0,0,0,0,0,0,0
961,M,H,0,0,0,0,0,0,0,0,0,0,0,0,0,1,0,0
962,F,P,0,0,0,0,0,0,0,0,0,0,0,0,0,0,0,0
963,F,H,0,1,0,0,0,0,0,0,0,0,0,0,0,0,0,0
964,F,P,0,0,0,0,0,0,0,0,0,0,0,0,0,0,0,0
965,F,A,0,0,0,0,0,0,0,0,0,0,1,0,0,0,0,0
966,M,H,0,0,0,0,0,0,0,0,0,0,0,0,0,0,0,0
967,U,H,0,0,0,0,0,0,0,0,0,0,0,0,0,0,0,0
968,F,A,0,1,0,0,0,0,0,0,0,0,1,0,0,1,0,0
969,M,A,0,0,1,0,0,0,0,0,0,0,0,0,0,0,0,0
970,M,H,0,0,1,0,0,0,0,0,0,0,0,0,0,1,0,0
971,F,P,0,0,1,0,0,0,0,0,0,0,0,0,1,0,0,0
972,M,A,0,0,0,0,0,0,0,0,0,0,0,0,0,0,0,0
973,F,H,0,0,0,0,0,0,0,0,0,0,0,1,0,0,0,0
974,F,H,0,0,0,0,0,0,0,0,0,0,0,0,0,0,0,0
975,F,A,0,1,0,0,0,0,0,0,0,0,1,0,0,0,0,0
976,M,H,0,0,0,0,0,0,0,0,0,0,0,0,0,0,0,0
977,F,H,0,0,0,0,0,0,0,0,0,0,0,0,0,1,0,0
978,U,A,0,0,0,0,0,0,0,0,0,0,0,0,0,1,0,0
979,U,H,0,0,0,0,0,0,0,0,0,0,0,0,0,0,0,0
980,M,A,0,0,0,0,0,0,0,0,1,1,0,0,0,0,0,0
981,F,H,0,0,0,0,0,0,0,0,0,0,0,0,1,0,0,0
982,M,P,0,1,0,0,0,0,0,0,0,0,1,0,0,1,0,0
983,F,P,0,0,0,0,0,0,0,0,0,0,0,0,0,0,0,0
984,F,A,0,0,0,0,0,0,0,0,0,0,0,0,1,0,0,0
985,M,A,0,0,0,0,0,0,0,0,0,0,0,0,0,0,0,0
986,F,A,0,0,0,0,0,0,0,0,0,0,0,0,0,0,0,0
987,M,A,0,0,0,0,0,0,0,0,0,0,0,0,0,0,0,0
988,F,H,0,0,0,0,0,0,0,0,0,0,0,0,1,0,0,0
989,M,H,0,0,0,0,0,0,0,0,0,0,0,0,0,1,0,0
990,M,H,0,0,1,0,0,0,0,0,0,0,0,0,0,0,0,0
991,F,A,0,1,0,0,1,0,0,0,0,0,0,0,0,0,0,0
992,U,P,0,1,1,0,1,0,0,0,0,0,1,0,0,1,0,0
993,U,H,0,0,0,0,0,0,0,1,0,0,0,0,0,0,0,0
994,M,H,0,0,0,0,0,0,0,0,0,0,0,0,0,0,0,0
995,M,H,0,0,1,0,0,0,0,0,1,0,0,0,0,0,0,0
996,M,A,0,0,0,0,0,0,0,0,0,0,0,0,0,0,0,0
997,F,A,0,0,0,0,0,0,0,0,0,0,0,0,0,0,0,0
998,M,H,0,0,1,0,0,0,0,0,0,0,0,0,0,0,0,0
999,U,H,0,0,0,0,0,0,0,0,0,0,0,0,0,0,0,0
1000,M,A,0,0,0,0,0,0,0,1,0,0,0,0,0,0,1,0
